1, 2, 3, 4, 5, 6, 7, 8, 9, 10, 11, 12, 13, 14, 15, 16, 17, 18, 19, 20, 21, 22, 23, 24, 25, 26, 27, 28, 29, 30, 31, 32, 33, 34, 35, 36, 37, 38, 39, 
23.3017598316838, 23.9932234316185, 24.0387292786406, 24.7876383236445, 24.8853569555053, 23.9429734760556, 23.9840133662445, 172.788496395011, 23.150923276155, 25.1989133089467, 24.488415604316, 25.5120427270776, 25.1986204653978, 24.8148886826375, 24.2902580517443, 175.341751768577, 22.3612494366788, 25.5686872201445, 25.2917714299525, 26.0733454702982, 26.0923561528858, 25.2194319373176, 25.1314121291991, 176.839860748398, 21.0570934002411, 25.0129945202609, 26.2317830513502, 26.5280665313503, 26.51500541792, 26.6246890470894, 25.7103821267565, 176.103709887017, 19.9513095973525, 23.5264222910701, 26.7832925796275, 26.7953686067586, 26.4278106116623, 27.3928112173161, 25.1124941177078, 
24.567040847675, 25.6981282309583, 25.2155709664903, 25.934927827592, 25.2878084960219, 25.5715979106253, 25.3448803541305, 181.065021291142, 25.3926988437592, 26.3119108099856, 25.5194403231999, 26.7071651804466, 26.5256020721821, 25.1163643914812, 25.7739336269658, 184.375465001025, 25.7174182732258, 26.4128997162426, 26.3657299363188, 27.0690364004383, 26.2210038890429, 26.6649100308528, 26.4255575533258, 186.642961066157, 24.0765132705246, 27.1625127381956, 26.9185510053635, 27.7320440831317, 26.9601281250901, 27.5307778433234, 26.325638419252, 186.068329998222, 22.2603714898813, 26.210926651606, 27.6991649432185, 28.7484172036095, 27.5672357774016, 27.2484030615305, 25.1696624389924, 
23.3941647559833, 25.6183299630722, 25.1143662267434, 24.9696790632898, 25.6606214633881, 24.5334187714707, 25.4815821433322, 178.478811829468, 24.1815149767729, 25.1298469666596, 25.4152157346611, 26.5060874045377, 26.4345125880172, 26.1519573639276, 25.341725320978, 182.602508395351, 23.5410555713544, 26.4572415618959, 26.1841614072581, 26.9688740040196, 27.1063191480606, 26.4252159256997, 26.3940199314019, 184.687745178517, 22.8800982348594, 25.8186233024375, 26.8114603103005, 27.7186255759414, 27.8183696842498, 27.2485724672314, 27.1593732822258, 184.562363371177, 20.8274799411283, 25.4286803352408, 27.7403283530652, 27.7167404522013, 27.392610384142, 27.8294902949043, 27.249713777203, 
21.6865310103833, 24.2805546207968, 25.3392334139937, 24.6694616169045, 25.960508464132, 25.2328942130434, 24.4998563299345, 176.166153989712, 21.5901907378687, 26.3389485386835, 25.4543294708269, 25.3551669914028, 26.0455591562212, 25.8018953253088, 25.2202325360009, 178.785400227691, 21.631621866425, 26.119449524021, 25.2168254397308, 26.8010827723515, 26.9031882846154, 26.0751066902969, 27.0168620301864, 181.767434363275, 20.7347683260233, 25.3489887517186, 27.2932215004715, 26.6552568907825, 27.3046884107413, 26.7993726134471, 27.7707047224794, 181.374996533144, 19.537886088609, 24.0453206575449, 27.7133041752201, 27.2110039516162, 28.2194700024256, 27.4188610505386, 27.555296365494, 
23.0127397470432, 25.0347553208245, 24.22228992658, 25.1379667737097, 26.5609040009879, 25.3542329343786, 24.9172792356778, 175.881428401979, 20.2046154068795, 25.4683870476274, 25.9856272471134, 25.8257012943592, 26.2421595244856, 25.993541297602, 26.4007586726286, 179.657552599863, 20.5560357329766, 25.4280190163334, 26.6471530529102, 26.0299028469388, 27.0805346723922, 26.7858803741129, 26.6323799486368, 181.336712543829, 19.5946910370242, 25.5198981557885, 26.9205340928043, 26.8342973288831, 27.4578710630155, 27.0936869118668, 27.4933869874995, 190.491504506434, 28.6135452626005, 23.5592624897986, 27.7418193475009, 27.4545020624364, 28.2836608804299, 27.6203139974392, 28.7601002770898, 
20.4857148510292, 25.1472034994926, 25.2053067755508, 25.6095453124965, 26.6530824024283, 24.8625796429809, 26.6077716498945, 179.650543063447, 21.2125785003279, 25.9414995682229, 26.2420052177696, 26.1304172396464, 26.7519931029111, 26.6500396058943, 26.1512631268614, 183.189106302342, 22.1949338057724, 25.8438799211287, 27.0127001397205, 26.3078931269329, 27.573800593299, 26.8291347978638, 27.4036082923925, 185.254999972558, 20.1478021819647, 26.9101925892073, 27.2392928437126, 27.1223389034819, 27.9920012580521, 27.6782589347823, 28.2975477678471, 185.146747333099, 18.8990379793794, 24.9977256352284, 27.9487470848693, 27.8232619649965, 28.7708158703509, 28.2077126472115, 27.9834723938138, 
22.7510965151997, 26.3592179318816, 26.3946855198354, 25.8931000470407, 26.5642461248042, 26.7000694118077, 26.3365864877064, 185.589766478007, 24.002231282148, 26.0307473810556, 26.072023171592, 28.0104957084907, 27.7674816292056, 26.1075295845758, 27.1954619267441, 188.884742176619, 24.2421409273916, 26.166183761617, 27.2562809536804, 27.9249825361586, 28.2298143195276, 27.7539401075746, 27.2890962471483, 191.726769117991, 23.3866857759794, 26.7476035520217, 27.5889112040625, 28.6689778375446, 29.1968657677541, 27.0510407203892, 28.633579490067, 191.051845536419, 21.4570860494566, 25.6906890092027, 28.8999985437889, 28.8141013092464, 28.4361407393678, 29.3720656457217, 28.2518588614787, 
22.7374304668585, 26.7534634198361, 26.3632396540061, 25.9301553824034, 26.4868199436308, 26.55931379363, 26.216968593421, 185.528180701848, 24.2660487123113, 26.0423530507728, 26.3932918076184, 27.8916287743142, 27.6541917299893, 26.0363011512228, 27.0986950752419, 188.666227956803, 24.2464297272781, 26.3224627662329, 27.3532616886242, 27.8068356344416, 28.1801831931697, 27.5311729802902, 27.1639810157267, 191.392210363666, 23.822209787101, 26.6528863597861, 27.5784116752099, 28.7269201995031, 28.8584379988986, 27.2024135710246, 28.269524562174, 190.669514700011, 21.5425288953737, 25.6977252310806, 28.7503610456876, 29.0399972008354, 28.4936095994484, 29.1758249864487, 27.8520575807025, 
23.0419623651865, 26.605222754241, 26.5555809825347, 25.780945476789, 26.4084173840935, 26.5896875488764, 25.9236447685875, 185.36840968292, 24.4692657216083, 26.0086652046798, 26.4424409852045, 27.75169420771, 27.7250571324237, 25.7718674292854, 27.170243057019, 188.656502357738, 24.2027715679085, 26.7432847606615, 27.139468255487, 27.8623018742185, 28.1362050258241, 27.261985632146, 27.184003677041, 191.116690096836, 23.7227945285746, 26.7676066290361, 27.69744891968, 28.5922954333411, 28.7854794230654, 27.1231772244619, 28.0590772437514, 190.523480851147, 21.6113143613758, 25.7729237248273, 28.6372960924271, 29.2433624136845, 28.3200744133493, 29.1485743908825, 27.7310770347537, 
22.889341505343, 26.4591499976621, 26.2419103586934, 25.8220919645906, 26.2988474938597, 26.5860991858179, 26.3953358851142, 185.220022701649, 24.1357358669035, 26.3876901841751, 25.8265646452156, 27.9427760580157, 27.5222113363612, 25.8320147111175, 26.8325116745219, 188.146951305229, 24.7419629826304, 26.0947743920206, 27.189163269831, 27.8315737031253, 28.0830377223838, 27.6016573922703, 27.5658933174066, 191.347078822212, 23.3069149017501, 26.7497764280184, 27.5877323667462, 28.6782426528539, 28.9190171550799, 27.3461233611453, 28.4457874626664, 190.713118246977, 21.2871396440648, 26.0389659739619, 29.093587765644, 28.3470128578634, 28.2476264589734, 29.1006398242745, 28.363515062112, 
23.3022293802334, 25.8746225139449, 26.5716397645177, 26.4173353197831, 26.755223314101, 26.3382823083828, 26.5664564955517, 186.896918524884, 24.3119171543672, 27.0095227297048, 25.9683376522285, 28.0135245478053, 27.6211278497364, 26.8760646371858, 27.3817375182714, 191.08534671828, 24.9419002556208, 26.3422523858215, 27.6085824094167, 28.1253376482359, 28.615857553458, 27.1110988662756, 28.064844041546, 193.332589943119, 23.8181001699007, 26.924957637164, 28.012178447055, 28.8970911231267, 29.210185155627, 27.4243471360264, 28.7345955006273, 193.088879725148, 21.6116518130749, 26.1185968384632, 29.0473037622064, 29.4187935091669, 28.8223644488351, 29.5971640882971, 28.5420247521552, 
23.2963322806403, 26.5172917950198, 27.0066230859423, 26.45999390739, 26.8534390742715, 26.1088794664797, 27.7798097687374, 189.01361970346, 24.8250875843446, 26.3061756244123, 26.6186499429581, 28.402412700862, 27.0608035958916, 28.0756045001751, 27.654776355806, 193.19276859182, 25.1055907400595, 27.1934450766059, 27.5921437975634, 28.3235261819759, 28.864737418548, 27.1954382333585, 28.6845603201863, 195.635502692754, 24.0422858269107, 27.7564016171197, 28.0747577266573, 29.0704580089263, 29.019121149135, 28.286321182044, 29.0565795353593, 195.578523295001, 22.1454502180187, 27.0277887049874, 28.629834439979, 29.770045415799, 29.0412902958866, 29.9711439343482, 28.1698003028214, 
23.3691076997646, 26.988569515347, 27.1168597059969, 26.2551428741587, 26.8092680721423, 26.0996872221105, 27.4121630440451, 189.041849858483, 25.4048020306333, 26.2445931716991, 26.9668066684554, 28.1478078910024, 27.0896762877028, 28.1185990328382, 27.1104508862842, 192.8703866514, 24.9240499197917, 27.624351001905, 27.6732621282549, 28.3392490941006, 28.7778993567084, 27.2205605343576, 28.4786238430964, 195.79948732669, 24.0613552915975, 28.1584278808124, 28.1542064756637, 29.1117026885724, 28.6511768940937, 28.5895250732784, 29.0155880452622, 195.948251670579, 22.2359665843477, 27.3859701356024, 28.8181940530279, 29.6916795655505, 29.0328841744122, 29.9665325061213, 27.8930397067362, 
23.608036581149, 26.1780651930968, 27.0089676958163, 26.6935246997957, 27.3069471920136, 26.2338965829247, 27.2235251404529, 189.384777242256, 24.594389788773, 27.317991316967, 26.3487708112087, 28.472872289977, 27.1142827247355, 28.5908552719383, 26.7949230338865, 193.033681067642, 25.4040930000161, 26.7245786572715, 27.9079314618136, 28.4596885375335, 29.0643646936545, 27.3494030767277, 28.898532875179, 196.827758743237, 24.3299846784521, 27.6791785350105, 28.263495108416, 29.2444842191105, 29.4621662625528, 28.1067879141047, 29.193017886552, 196.918248064639, 22.4406760557905, 27.4034239937458, 28.8762645828381, 29.9540407123395, 29.1291484646695, 30.066057736155, 28.6230783507408, 
23.7121669655665, 27.4895654489395, 27.3504817720142, 26.6208478529022, 27.0846881536761, 27.224588601528, 26.681308475454, 191.273999636432, 25.8972612634988, 26.552114781281, 27.4535987791716, 28.5172877865377, 27.4023135734347, 27.6578703722884, 28.3538560609276, 195.588185132078, 25.3786143901569, 27.9669043338104, 27.9530140378967, 28.8287543146643, 28.8338814828273, 28.169224524228, 28.0722717432204, 198.604947932881, 25.0101989014591, 28.6299000370285, 28.4328112490303, 29.3343606431247, 28.683917536815, 29.6521139150566, 28.4113819779959, 199.181209653827, 23.4271191663546, 28.1707519847197, 29.1801383300441, 30.0781174861998, 29.4692810868615, 30.6326153199798, 27.5140118339902, 
27.9239682310362, 28.601064899077, 28.4536794245374, 28.6564747010606, 29.2558986086873, 29.4037226641148, 27.9498984717167, 200.821759372696, 28.1267633461573, 28.9497902384507, 29.3060839033614, 28.2562803003235, 28.9674982831008, 27.7994165462158, 28.633193986189, 201.6945103368, 28.4050944931598, 28.647501505043, 29.1602242640952, 28.4470439360724, 28.8615690144836, 29.0986743512327, 28.4619651014218, 204.028808604181, 29.2078310028904, 28.8440147201226, 29.340130205859, 28.3796624885864, 29.1113921003725, 28.9876091821945, 28.7968102968134, 205.191908806893, 28.8653939842319, 29.4804784744958, 29.283245299601, 28.8128964900124, 29.0746371749628, 29.4206490731163, 28.5331358359361, 
28.0185415843127, 28.3565602002179, 28.4917480137689, 28.6342499669221, 29.3235939266762, 29.7439531239236, 27.9180961381521, 200.670411436184, 28.1193497693454, 28.8450586482734, 29.263226772131, 28.2919862955442, 29.047308584962, 27.5791777355743, 28.8504691333885, 201.636570804971, 28.318346110233, 28.6578673001904, 29.1641715549213, 28.4522540194324, 28.8332439373936, 29.2291186186582, 28.2364052365908, 203.86302183932, 29.1526387362243, 28.8494195307087, 29.3113400233968, 28.4076315655343, 29.0475888239905, 28.9943199921546, 28.7905942200656, 205.197064217607, 28.9809167558796, 29.4440393599017, 29.273309238665, 28.7949986331633, 29.1082243056909, 29.3205356175291, 28.5297575613376, 
28.0769338427903, 28.3640421293783, 28.5964386126405, 28.6599826452201, 29.1580477354767, 29.5938147567685, 27.9235484283015, 200.747776096357, 28.145366905695, 28.9486224493903, 29.2236721764296, 28.2738151984988, 28.9988995926399, 27.6206904247074, 28.8587503922321, 201.708319646619, 28.4115817237227, 28.5900257135117, 29.1758936185803, 28.3677222036202, 29.0178096382546, 29.0933320473171, 28.3631346740793, 204.013525046883, 29.1943352883778, 28.8709815630926, 29.2590363094805, 28.390098214191, 29.1570116488365, 28.9155313930539, 28.8388163118965, 205.239472864526, 29.0051886339429, 29.4601108585465, 29.2199995349848, 28.8555568083695, 29.0786132919202, 29.3438453846454, 28.5465931333368, 
28.1327155987328, 28.3072446714431, 28.4946003087467, 28.6014692903853, 29.1150875980634, 29.9601142366371, 27.9122319070546, 200.692349110516, 28.1334077629528, 28.8744933037334, 29.3531143265567, 28.1856266854281, 29.0159979635741, 27.5378714191339, 28.9946963314204, 201.833538002428, 28.497978134853, 28.5485195082939, 29.2520400752656, 28.3663099643295, 28.8922376279207, 29.1231722430331, 28.4396073894295, 204.095494353566, 29.3378524249333, 28.7579166618023, 29.2992967629881, 28.4492008802101, 29.0773214307088, 28.9709205162234, 28.7587582053892, 205.109290109692, 28.9313333823498, 29.3730590408647, 29.3462786483036, 28.756414784599, 29.0503899459343, 29.4301533687558, 28.5505834003893, 
26.602556574422, 27.5958256025157, 27.6708670043193, 27.28496297628, 27.8163796019567, 26.6466828766319, 27.2811231737983, 194.657349977362, 28.3458191442736, 27.8323737790097, 27.9538121952945, 27.2983663661046, 27.9455443781009, 27.8260414797382, 27.4225883595088, 196.54047173938, 27.2383014836775, 29.0832824745058, 27.9031927934229, 27.4926418122069, 27.9746696064711, 28.342222498817, 27.4002028104095, 198.420501796089, 27.8710371078994, 28.7508665839822, 27.6830583556185, 28.5730497053048, 28.3054416975272, 28.1795986789253, 28.1094667551884, 200.657669045749, 29.0881313063355, 28.5182148880447, 28.9593119894799, 27.8077106024845, 28.4398081560146, 28.7508290163533, 27.9660172119055, 
26.3038704492362, 27.1483045194413, 27.7574564673727, 26.8047806732464, 27.5213909532893, 26.5689260981233, 27.8705319205273, 193.499214145038, 28.104971513596, 27.2439303222512, 27.7503881575588, 26.9698259590504, 27.7722232055564, 27.7619117224542, 26.9671758019878, 194.698114192226, 27.0579756400346, 28.8170182749222, 27.8018903020195, 27.1587048662766, 27.6725988828856, 28.161450203475, 27.0727660516464, 196.922270423033, 27.9023609056009, 28.6028849476072, 27.1323390186596, 28.5984190762757, 28.1840472054079, 28.005527183846, 27.6485882158967, 198.655877281015, 28.3366654153625, 28.4496898651726, 28.3710204633736, 27.9213749389776, 28.3233341637562, 28.4996402048947, 27.686569778583, 
26.1495968547088, 27.2432534335935, 27.5275850225267, 26.7404108479111, 27.4405361250807, 26.7289102352465, 27.4801796194842, 192.746013267345, 27.8480680755164, 27.127306127224, 27.8212919457106, 26.7336855691106, 27.7261738494274, 27.5277229192703, 26.9591999012187, 194.196920356911, 27.3094706248885, 28.5744881963185, 27.6633868013426, 27.1515558132315, 27.5283018790739, 27.9979091772803, 27.0542507055271, 196.219266413727, 27.7898289657735, 28.6149860422632, 27.2117412760595, 28.032066534136, 28.1456580560087, 28.0051597849803, 27.6027786069428, 198.120917671505, 28.1389097550191, 28.4145920032457, 28.3544439391146, 27.8770154771266, 28.2518126516545, 28.4313222589474, 27.5873146155196, 
26.2254298165657, 27.109082841673, 27.67263216078, 26.597847901773, 27.5147712817664, 26.742498984853, 27.395443181365, 192.734317775933, 27.7259965622853, 27.2884672854105, 27.7579818447503, 26.848909904524, 27.6069917763949, 27.5295449524692, 27.0063775612499, 194.114254283469, 27.2113256871888, 28.5712635100199, 27.6555164828522, 27.2215916048141, 27.4396313012026, 27.9475676601434, 27.0587083358235, 195.963157598348, 27.6822074756643, 28.5665336499015, 27.2613453915325, 28.0716102711412, 28.084929534671, 27.9217586164185, 27.6794622526693, 197.972527467454, 27.9829224990799, 28.457782751484, 28.3722728093566, 27.8611381513797, 28.0723200696204, 28.5258968065779, 27.5696640473802, 
26.2526147240695, 27.0514671583107, 27.5673847795316, 26.665799636473, 27.5633214096507, 26.6988453415845, 27.4484996535931, 192.727755751341, 27.9451171876711, 27.1236961393512, 27.733125806766, 26.7700435651062, 27.6095073734904, 27.6158486125061, 26.9878585107546, 194.021106421709, 27.0669379954182, 28.6007026474231, 27.6383444183465, 27.221018172061, 27.5493181994115, 27.8941415821061, 27.071779649869, 196.164672053578, 27.8214900291656, 28.5450671589281, 27.2923171177157, 28.0657935884023, 28.1095960335186, 27.9481471721072, 27.580448220395, 197.89365959954, 28.1048811142334, 28.3360964377142, 28.3615272828394, 27.8244162907104, 28.1725435949373, 28.5571260615332, 27.5959010068598, 
26.2533204657109, 27.0699841913704, 27.7520353237611, 26.4950052766937, 27.547699761424, 26.6444394165883, 27.3775620939639, 192.558271937765, 27.9140388159895, 27.0505150724964, 27.8325880062767, 26.7650177070726, 27.5366403966221, 27.6999108792172, 26.9061720368732, 194.131409552692, 27.384390309334, 28.5152407428462, 27.52190458815, 27.289271832336, 27.4820372797582, 27.9970763510669, 27.0591684048808, 196.112321922356, 27.7636683502467, 28.6049011944707, 27.3039529384452, 28.0134168356592, 28.0220678911898, 27.9825720596023, 27.5737404030411, 197.943557098107, 28.1281505437818, 28.3739598874099, 28.3076914592202, 27.9958452938593, 28.052828458809, 28.473752004401, 27.6319323647465, 
26.2066131553302, 27.0908117477016, 27.6292575901565, 26.6736545273063, 27.4774549535491, 26.7325388925059, 27.2727849970109, 192.521203365312, 27.8503287249717, 27.1335723906307, 27.7121182952007, 26.7902641437459, 27.6321876399528, 27.6332753121534, 26.8700669811762, 194.150256435876, 27.4412387158905, 28.4450994376243, 27.7556561778678, 26.9996345804646, 27.6596593668284, 27.9723064554965, 27.0098307763195, 196.034106245219, 27.6857115953119, 28.6126508367676, 27.2746949587323, 28.0479311154983, 28.0821105408634, 27.8913663643651, 27.5219045707746, 197.847278361753, 28.1554984939822, 28.3118734365174, 28.3597273665877, 27.8909723921804, 28.1950945952003, 28.4276926144031, 27.6046516344554, 
26.121605983775, 27.1281789610343, 27.5743952129928, 26.7231933860916, 27.4820533180794, 26.730359133333, 27.3201428823533, 192.56881662047, 27.9335325881664, 27.1330980631855, 27.6818901818815, 26.7836835111147, 27.5770002489707, 27.6358577320145, 26.9257602507785, 193.998113790549, 27.2405525387292, 28.466271481255, 27.7750346706648, 27.0127744098929, 27.6558572654777, 27.9782473691759, 26.9208880355091, 195.993771863688, 27.7353070450616, 28.5288476786843, 27.3164719694127, 28.0940227867551, 28.0368835814529, 27.8933061853668, 27.5982613392083, 197.888338283349, 28.1577568404907, 28.3515259855792, 28.3497995077598, 27.9279279179974, 28.0586885864141, 28.4500942769871, 27.5954010136163, 
26.2880886528237, 27.0568196266663, 27.6567445596525, 26.5597684807271, 27.5469156422374, 26.7072485165729, 27.2698117898502, 192.475225445104, 27.8509072373468, 27.1297760461024, 27.8410820242964, 26.6928248387622, 27.572963464403, 27.5782190058076, 27.0429587696339, 194.084405459901, 27.2325729331466, 28.5981946167228, 27.5938506227268, 27.1360946877446, 27.6242868300409, 27.9153597221662, 26.9987338675237, 196.063506068404, 27.822769040126, 28.4761497743372, 27.4029569341866, 28.0159810441187, 28.0914797364065, 27.9003925641276, 27.5385838249089, 197.856886740297, 28.1103974629281, 28.2498040550477, 28.4338731479924, 27.9332800243458, 28.0599368397593, 28.480864672597, 27.6246590902179, 
26.1986239160521, 27.0540778896345, 27.6539610019144, 26.6054056384515, 27.4788421107834, 26.797016009313, 27.1738993891399, 192.36926785199, 27.7820775296252, 27.1276808011693, 27.8189208530724, 26.662189943718, 27.7023441132916, 27.5397465874595, 26.9652036965299, 193.996870007176, 27.2855461993551, 28.5058210044535, 27.6178415784553, 27.1176216233834, 27.6768880293839, 27.9197631389154, 26.990512443453, 196.056409669316, 27.7603585875747, 28.5383696485123, 27.3526537393851, 27.9828241545906, 28.0331137520136, 27.9429098005954, 27.6809234870731, 198.025904826194, 28.1747644806346, 28.3510867547118, 28.3543823937745, 27.8692386213384, 28.1520276177808, 28.3342435131824, 27.769968616602, 
26.1520652949523, 27.1985795407025, 27.4807020384133, 26.7297958748744, 27.5219634832118, 26.7510229306111, 27.3536787312824, 192.714886366153, 27.916554386057, 27.1620217630609, 27.7771323846087, 26.771617188804, 27.6605062317565, 27.5497611673997, 26.9184681663801, 194.089383814015, 27.3178420290773, 28.5519821288372, 27.5934365958557, 27.2314748310383, 27.557773323088, 27.9421371419941, 27.0791273508041, 196.278204301861, 27.9270971943571, 28.522872888349, 27.3679023041243, 27.9676912119027, 28.1083582922365, 27.891403530054, 27.5519486979108, 197.883676581365, 27.9891651331926, 28.4674019907743, 28.3716091751748, 27.9051474248572, 28.1616718600989, 28.4151101102341, 27.6788630722271, 
26.1934406064448, 27.0358145202323, 27.7031411948914, 26.6564941672065, 27.4098144134471, 26.7692503681176, 27.2032407836957, 192.337613306578, 27.7654546570262, 27.1996718636557, 27.6310723731804, 26.7981633391585, 27.6414860541764, 27.5166773152444, 26.9506557132583, 193.905000141197, 27.1275401503928, 28.6208328727523, 27.576654753841, 27.1660605511936, 27.6055767307719, 27.8861374484586, 27.0679701950476, 195.975364614487, 27.6852113267466, 28.6078104584281, 27.3188533495919, 27.9875868691502, 28.0234115392209, 27.9269702841159, 27.6133096443473, 197.94182861859, 28.1885070422577, 28.3060092102628, 28.3866887108764, 27.9204435142336, 28.0969909232489, 28.3770630193136, 27.7105283353582, 
26.321535410385, 27.0035381319867, 27.5390937145712, 26.7200040413566, 27.4038152413308, 26.8027420126853, 27.2237091866231, 192.415716238055, 27.8357364166709, 27.0457839221886, 27.8315198509308, 26.7410658662893, 27.6198373053092, 27.5910845849299, 26.9790887220343, 194.037025984813, 27.2383794037637, 28.5992554224231, 27.5555524860398, 27.1538309167655, 27.6187219705083, 27.9057162219601, 27.0611360879243, 196.08679056912, 27.8132106282534, 28.4778618565923, 27.40513303157, 27.962690726073, 28.0621017151207, 27.880356564774, 27.6784983345767, 197.935977758777, 28.1095886589786, 28.3141481854083, 28.4381309270994, 27.8949223951767, 28.0726926820935, 28.4865067817551, 27.6313156042874, 
26.2169880920658, 27.0418276165172, 27.6912794735154, 26.5975775561543, 27.4596194273668, 26.8158309046375, 27.1515459644011, 192.324152594959, 27.7745490834845, 27.0400156938226, 27.7959563929531, 26.8161544933374, 27.5199510338086, 27.6186956767606, 26.9012210530505, 193.944265842164, 27.2885502870488, 28.4796664294766, 27.7029676484986, 27.0784850589815, 27.5907348408017, 27.9299632775798, 26.949773369855, 196.032044397054, 27.8513081745858, 28.5436171533591, 27.3929676398486, 27.9022140947265, 28.1018321111869, 27.9352991152133, 27.5716358733096, 197.858854028342, 27.9849498885194, 28.4798736280787, 28.3151800837528, 27.8715639378799, 28.1399299429856, 28.4397036244655, 27.6459962142373, 
26.1868043431828, 27.0229719766875, 27.6973001794073, 26.5465168162802, 27.4124472437737, 26.8630012836051, 27.2289073340486, 192.466211509996, 27.9226638351641, 27.0424684898413, 27.7458521788135, 26.7480920773574, 27.6081618009956, 27.536090521077, 26.9641738503216, 194.025977987296, 27.3656800017879, 28.5249364553528, 27.6147600142993, 27.1146861038847, 27.6110480354266, 27.9729306770959, 26.9504170464647, 195.953526886035, 27.6998662898906, 28.6265207730433, 27.3241171856289, 27.9658014347991, 28.0734314225475, 27.8946535905688, 27.5935350523058, 197.854079556365, 28.179288963148, 28.1693864147522, 28.4606477061492, 27.8714240331935, 28.1715901618514, 28.3664155458884, 27.6698774542904, 
26.2050373208579, 27.0788647691615, 27.5559528205989, 26.6867817771059, 27.4351796635179, 26.8326396118081, 27.2169144710797, 192.478926308863, 27.8071927132115, 27.2040522142695, 27.705838551762, 26.8484722717602, 27.4608040887531, 27.6465525361223, 26.8927951290131, 193.987128395522, 27.3503323012783, 28.5350455622516, 27.5122429321488, 27.1414083980628, 27.6291942515157, 27.9388076378744, 27.1115958129388, 196.158185056697, 27.8358635888733, 28.5259601968507, 27.3637093207373, 27.9655250244366, 28.0632986328818, 27.8270365680816, 27.6740039728921, 197.820786397085, 28.0477912607104, 28.3194260531677, 28.4248183301188, 27.8660622454661, 28.1584107389828, 28.3395590804223, 27.6272417913191, 
26.3225721330901, 26.9843895032569, 27.6919669424342, 26.6622094942047, 27.3975491483552, 26.7971367155167, 27.275794335228, 192.554643796314, 27.9217452474489, 27.0810322315273, 27.7406180710521, 26.7825140017924, 27.5895039830061, 27.5351301551646, 26.9957112109625, 193.978671600753, 27.2364334656037, 28.5499130333903, 27.552179482282, 27.2022916747641, 27.5880847872478, 27.9098688958088, 27.061923517558, 195.977436270752, 27.7713365847601, 28.434688497914, 27.4919581357397, 27.8726632893025, 28.0584056510388, 27.930904971448, 27.5840287462279, 197.846086645618, 28.1787966384919, 28.3203354371991, 28.2583483002425, 27.9217672738236, 28.1207496984764, 28.4204720444108, 27.7047785943003, 
26.1934338900336, 26.9978089543604, 27.6256235221557, 26.6935632767591, 27.4366897297968, 26.7945840839557, 27.1957440923612, 192.537535866097, 27.9084837848744, 27.1635135900454, 27.7778194200722, 26.7641572247676, 27.5783511179086, 27.5072352439538, 27.0671708273787, 194.06135526411, 27.2515107189998, 28.5592624293416, 27.6205930507775, 27.1630892023054, 27.6379751176192, 27.8396342686418, 27.1019665912353, 196.201000438892, 27.8896845499, 28.5368111454668, 27.4450865087089, 27.9293957113702, 28.0034607219492, 27.8726569836776, 27.6448042653901, 197.914999196766, 28.2039439421271, 28.3159106549885, 28.3698346084807, 27.8256570177115, 28.1400144388238, 28.4495930486375, 27.5785724231322, 
26.2280863000654, 27.1112386143026, 27.5722806934732, 26.5946250661876, 27.4559840204952, 26.820830614842, 27.1770294835025, 192.426394347851, 27.951298270404, 27.0187064605241, 27.8187349779452, 26.6883323434902, 27.6782310354862, 27.4292775907456, 26.9410879604499, 193.8959269233, 27.3520808683522, 28.5572126323606, 27.4920095410446, 27.0957747279624, 27.674236350311, 27.9632922844369, 27.01882248676, 195.964505216886, 27.7501451190511, 28.4298482508258, 27.407032132315, 27.8920926427599, 28.102818161251, 27.9339921785918, 27.4854132696699, 197.730724222521, 28.0939736073545, 28.4218941313028, 28.2813177793622, 27.8873361457764, 28.0944877369627, 28.4502229515039, 27.6350341260604, 
26.1918813578535, 27.0601542377866, 27.5915629221373, 26.642524760003, 27.4491408410639, 26.7647221864883, 27.2648211180725, 192.578758960458, 28.0400355997845, 27.0925528699646, 27.723002461046, 26.7526984788937, 27.6172851682396, 27.5635161225125, 26.9055028806632, 193.9545290388, 27.3363404819806, 28.4796741647747, 27.5520064937201, 27.1283367617183, 27.6843323198168, 27.8882063240083, 27.0108321567978, 196.021240873062, 27.8018568944765, 28.5111743306402, 27.4306177530238, 27.8910315023815, 28.1843349541936, 27.7630965430619, 27.6407110220175, 197.837696223102, 28.0900520893723, 28.3173956620268, 28.4036347693681, 27.8759705331069, 28.1296702027874, 28.3937469945039, 27.7023201079265, 
26.2475723972984, 27.0100000574954, 27.6025742292214, 26.6617345325257, 27.4629267717152, 26.7543569659059, 27.2332453287311, 192.566247185268, 27.9372090698855, 27.1827486851882, 27.7538904452189, 26.7413424898885, 27.5974758402313, 27.6392859873729, 26.7887897677743, 193.866577197922, 27.238958402508, 28.5781284315197, 27.5460704333628, 27.1336346343096, 27.6629033690174, 27.8848074665692, 27.0828197345614, 196.149050277812, 27.9146955775972, 28.4596460619506, 27.4241403499371, 27.9083570257499, 28.0379543875263, 27.8863615348687, 27.630593313863, 197.841996071212, 28.1273268492174, 28.3206316471697, 28.2956096524831, 27.9287888046376, 28.1420902783391, 28.4034383954026, 27.6482008956807, 
26.1692025340163, 27.0981606609686, 27.5671205165199, 26.7008699609828, 27.3560169229358, 26.8202651630408, 27.2958736175792, 192.420278575635, 27.7693857314917, 27.1437405004018, 27.7925052500915, 26.6782558548241, 27.6519929563092, 27.4744997325827, 26.9714391017006, 193.863887827407, 27.2914902077061, 28.5365693568725, 27.4846606295753, 27.192920627728, 27.5886195794798, 27.8981943730843, 26.992983477924, 196.058817638834, 27.8804971310772, 28.5290003360063, 27.4184431301182, 27.8975655464037, 28.0972809092514, 27.892933274087, 27.6029535515691, 197.923230154571, 28.1631182851892, 28.3216162720243, 28.3660952821789, 27.9366019425888, 28.0751610878524, 28.4175512045896, 27.5822832735153, 
26.209429115116, 26.9679094882217, 27.6158717589093, 26.6812461558005, 27.4854670727308, 26.8094270525055, 27.1337996175259, 192.42711592795, 27.9020937328303, 27.1286696592265, 27.7969831790161, 26.7109165424053, 27.5704869041464, 27.6189230462451, 26.8733197929896, 193.881723763991, 27.3096440897071, 28.3977905819023, 27.6298771200589, 27.1865319277145, 27.5428936841845, 27.8663327945944, 27.1981522665624, 196.053160520902, 27.7464692998236, 28.5408913076412, 27.3983901809925, 27.872327419673, 28.0956480309537, 27.9585405783685, 27.4455412860375, 197.770711335496, 28.1150875477005, 28.3789553673517, 28.2748010374867, 27.9080449761515, 28.2024938941924, 28.3387039549603, 27.621177660838, 
26.1420639798525, 27.0437536610765, 27.6215794767472, 26.5886192197604, 27.4112868902608, 26.8425840153447, 27.2082631606595, 192.482344565012, 27.9204296445599, 27.1013276633338, 27.8086777827371, 26.744847589843, 27.5233643484487, 27.6311437394266, 26.952333639262, 194.048830069049, 27.3263723768961, 28.505426247684, 27.5986771100413, 27.193479702107, 27.5514566603818, 27.8890823613544, 27.1181507233908, 196.091685641017, 27.7795852824073, 28.5094792169396, 27.4120352409115, 27.9177593167287, 28.062328726494, 27.9492342515779, 27.4694022776266, 197.722910368071, 28.0113476304014, 28.4273191311622, 28.2972977955156, 27.9610879531807, 27.9770071743551, 28.5675284751181, 27.5339377128671, 
26.2808490130721, 26.9715373803716, 27.6078959763068, 26.6411159453192, 27.4694832669384, 26.8093321515474, 27.1271652646524, 192.392596689506, 27.9083379522081, 27.0956967930648, 27.7954749948496, 26.7058881821446, 27.5958298334138, 27.6109878364402, 26.8203585593716, 193.947981252322, 27.3895730426978, 28.458984014931, 27.5803253986567, 27.1856480605253, 27.5576815953317, 27.9586001357004, 27.0307950569212, 196.003399708668, 27.808194794944, 28.4417703560982, 27.5065362795799, 27.8777940642392, 28.0246298368277, 27.9202434699566, 27.6025686692215, 197.762566659205, 27.9305386536843, 28.4154502942304, 28.3822733322461, 27.9250665145003, 28.01658889814, 28.4489114361911, 27.5799187428801, 
26.2523271796827, 26.9091172082814, 27.6665891654216, 26.6000116675053, 27.4400066993895, 26.8870554667598, 27.146994146312, 192.47022637552, 27.9544704351388, 27.1175195879627, 27.7520577011137, 26.701745076877, 27.6000223292819, 27.5277923390424, 26.938885066709, 193.901744698081, 27.2849665692399, 28.5233659473514, 27.5952251744169, 27.0161644784651, 27.6605473980692, 27.8940658902463, 27.1254803567044, 195.982682240084, 27.781191323599, 28.4203245647995, 27.4762170400149, 27.872145311316, 28.090984563349, 27.8774196638268, 27.5619016534118, 197.818514459469, 28.2119292600836, 28.2463091732124, 28.300694617515, 27.9287529300922, 28.1278729900678, 28.4446692511217, 27.5974206802726, 
26.2025253924719, 27.1089166500037, 27.5757645617817, 26.5883690954603, 27.3940733018092, 26.8798182295641, 27.1792970108781, 192.408738628213, 27.9274812465076, 27.0033098329933, 27.8466102114025, 26.7400755129352, 27.5414795896841, 27.5694470466764, 26.9164232711546, 193.866366683588, 27.2148846087651, 28.5537957965397, 27.5442020306463, 27.1158546801921, 27.6340530997801, 27.9705639668039, 26.972579572086, 195.870563531476, 27.7498186154138, 28.4344929873344, 27.4211822181044, 27.8888283302637, 28.0807843673642, 27.8414741075008, 27.5832282532854, 197.789616867053, 28.3292596038662, 28.1085656257773, 28.4077560531999, 27.845057739958, 28.1805803578981, 28.3415433158507, 27.6510320924552, 
26.2398914695387, 27.0099871117336, 27.7072257404519, 26.4895400908129, 27.3765830360964, 26.9422955724047, 27.1276197686392, 192.454848791145, 27.9448659557283, 27.1799753275112, 27.6455601203405, 26.7663530545371, 27.5369627108821, 27.5895557372128, 26.9378296719698, 193.917817665359, 27.2648243100891, 28.4942710890425, 27.6121085212253, 27.1253657776852, 27.5904821542676, 27.9789358561608, 27.0516483626541, 195.973990137625, 27.7700835032332, 28.4778449608242, 27.4102127807914, 27.9388361506233, 28.0022587796503, 27.9118085996761, 27.5957641498892, 197.698674522447, 28.1338970548694, 28.0780485020691, 28.4475057486253, 27.8772864381109, 28.0954261911202, 28.4524434425469, 27.592292169453, 
26.247309724078, 26.9773036082293, 27.6282840845764, 26.6139411862734, 27.4290551053233, 26.8204972837499, 27.1615827241688, 192.389420488591, 27.8807271133496, 27.1100528474975, 27.7908313308256, 26.7854678819811, 27.4998366444557, 27.5596871736635, 26.8784988413261, 193.80108497833, 27.2669008279221, 28.5458032671111, 27.4444638273207, 27.1352187845746, 27.6736351543676, 27.867445130822, 27.0114811959926, 195.917795717212, 27.7933063911804, 28.5406285006089, 27.3769913481516, 27.8492886276219, 28.0956641324596, 27.8871660941075, 27.6075624507789, 197.772592371044, 28.0368051289959, 28.3095145928589, 28.360262466916, 27.910983849036, 28.1201190191251, 28.4760921816397, 27.4737262918903, 
26.2376694023858, 26.9533206164965, 27.6233220859864, 26.6357180298546, 27.4278667796576, 26.8434752018371, 27.060106646981, 192.308073787776, 27.8980564569559, 27.0423453985018, 27.8370441943988, 26.6394706116163, 27.6684857763153, 27.4839334460282, 26.9393867389562, 193.857830150328, 27.2579047017976, 28.5714693918487, 27.6176617750939, 27.0448267897442, 27.6488521076436, 27.8933877940371, 26.9158021083436, 195.822217165197, 27.8230780093532, 28.3724586796591, 27.4621532429859, 27.9238917873949, 28.1425208350587, 27.7495534133083, 27.6334306463786, 197.741586954235, 28.0425826121515, 28.2822905490037, 28.3391391835657, 27.9185257003282, 28.1410822276608, 28.4609394702419, 27.5137381375989, 
26.1163560901924, 27.1337420826489, 27.612121334673, 26.609429790317, 27.3379417519107, 26.8809751591572, 27.1825965440067, 192.48935077961, 27.9525912813262, 27.1022421881309, 27.7605273585259, 26.7036086625899, 27.6355064494526, 27.5421177673042, 26.8636213646258, 193.956795798974, 27.4563529794394, 28.473161008561, 27.5280506099205, 27.1483095993798, 27.6098155783345, 27.9758889678214, 26.8799305468715, 195.941009501012, 27.8233240317326, 28.4872181137255, 27.4558257981061, 27.8525696697494, 28.0599655529151, 27.9062419104246, 27.6657842022851, 197.917067436836, 28.1491113860923, 28.284822826834, 28.388225697861, 27.8305896703963, 28.1135047542102, 28.5012685382934, 27.5883564243069, 
26.307158457835, 26.8495972843683, 27.697645167383, 26.5899889209552, 27.4619192582882, 26.7667369867289, 27.1982200158303, 192.479892784026, 27.9257859340959, 27.0997742068483, 27.8174715163289, 26.6643451798077, 27.641588813252, 27.4771582348525, 26.9707837351104, 193.873310416983, 27.3096667535529, 28.5506342184633, 27.475036533275, 27.0886047331116, 27.7149883401842, 27.9051724687272, 27.0887537938815, 196.071935082021, 27.8504911038075, 28.4162896331023, 27.4693776472358, 27.8640871049095, 28.0362352766408, 27.9528618598306, 27.5334323423783, 197.754142572851, 28.1193397081476, 28.3420795717989, 28.358695447547, 27.7509488818098, 28.1238600005841, 28.4462506784211, 27.5739250947716, 
26.1073240304895, 27.1283561547525, 27.5774642990987, 26.5572427068874, 27.462860676914, 26.8287108806004, 27.1262413679829, 192.427335372562, 27.9047494705546, 27.1759036239643, 27.6955368642591, 26.762511922642, 27.5957002122273, 27.4530415982607, 26.9647506422983, 193.903848175965, 27.2924378329848, 28.610557786888, 27.4793531975855, 27.1699700919313, 27.5950285853089, 27.8724971632849, 27.048176164763, 195.979325218501, 27.8203930566365, 28.5056191363551, 27.4343716914914, 27.9089497199336, 28.0144037202339, 27.820098072959, 27.6449008936092, 197.714188467328, 27.9386936115659, 28.4428936450102, 28.334544221896, 27.8321935883188, 28.2103051516768, 28.3263772959939, 27.649053000269, 
26.2049488972313, 27.0574915810879, 27.5035404513705, 26.6751987707182, 27.4259425047777, 26.8146542824979, 27.2079146402024, 192.538311657682, 27.9250646367355, 27.1805236291409, 27.7703040771954, 26.7617734430141, 27.5546274981382, 27.5515653102779, 26.8803655657134, 193.899660929588, 27.3208644607072, 28.4799406097451, 27.5934825026694, 27.1219614249774, 27.6966134115584, 27.8563804190297, 27.0154662033968, 195.914259378718, 27.8052371238198, 28.5196708131566, 27.3223582787368, 27.9801536597847, 27.9689144893973, 27.9627627081272, 27.5759080631634, 197.845560069036, 28.1291673915953, 28.3237679301381, 28.4112415275992, 27.7670015709116, 28.2122882819981, 28.3585265549468, 27.6715680313898, 
26.1665700399239, 26.9933203802052, 27.7092003040696, 26.6264152336578, 27.3568408699451, 26.8654791651735, 27.17029334572, 192.387618202308, 27.8712199066639, 27.1083829598322, 27.7926425631051, 26.700403021055, 27.5413864257518, 27.5658055901792, 26.9423638230225, 193.962512436287, 27.4065025581342, 28.4195069788677, 27.602431991602, 27.1043833192001, 27.641099733159, 27.9505512973194, 26.9827969113334, 195.961715474969, 27.8058317366629, 28.5096293999821, 27.4353690424936, 27.8647601267408, 28.0750914963093, 27.7562691647216, 27.7239663268372, 197.809757284928, 28.1105760514296, 28.3338604027428, 28.294227997159, 27.837193017, 28.1003257666052, 28.4455476241151, 27.6641739107418, 
26.2368596834172, 27.0014657701073, 27.5273799116047, 26.7885489715173, 27.270623919182, 26.9236952955012, 27.1679700794131, 192.513923470554, 27.9814139072963, 27.0308344397825, 27.8283236531867, 26.7544960089862, 27.5386500333527, 27.4948136761241, 26.8945924800775, 193.884426367099, 27.3903314211415, 28.522793196447, 27.5215621479039, 27.1601400930785, 27.6302955986684, 27.7965744006726, 27.1693121877715, 196.141082943924, 27.8491288294098, 28.5250682311442, 27.4410963822975, 27.8825707179845, 28.044368522754, 27.8943691579654, 27.563672829572, 197.636500903422, 27.8742292715691, 28.3887167733996, 28.3293706384999, 27.9172727292425, 28.104647580097, 28.3999447354132, 27.5979199259372, 
26.1687972479522, 26.9565599121717, 27.6417934061378, 26.5946795285458, 27.3877746050576, 26.7793214281606, 27.2096034717838, 192.362766361752, 27.8320058190184, 27.1205852205825, 27.8543561303671, 26.7014276285173, 27.5372972329126, 27.5030275866098, 26.9725232468459, 193.798248621902, 27.1606879241607, 28.6010275157837, 27.5633785648078, 27.0948230240202, 27.6043161706937, 27.9066001614624, 27.0201351006101, 195.96831642806, 27.8414378539662, 28.447588377864, 27.4792443200347, 27.8596458694225, 28.1076359386648, 27.8643051440553, 27.6598822517601, 197.935274770206, 28.1157750150224, 28.3041848106059, 28.3904752286694, 27.7888615086448, 28.1718508271863, 28.480265732619, 27.6093300905116, 
26.2654808252056, 26.9727674701283, 27.6659986454262, 26.6340192729338, 27.2971228358347, 26.915378049102, 27.0894004655986, 192.423260494599, 27.9020367383166, 27.1131743828211, 27.8676467254574, 26.6804453841285, 27.5496841601847, 27.5746520486741, 26.9407841198383, 193.883905621743, 27.2734491866835, 28.5386326836203, 27.4778516584508, 27.1752469885015, 27.6326058872813, 27.8899104919476, 27.0687962723, 196.037861175222, 27.8999324770408, 28.477025408976, 27.3777798654598, 27.8804348830879, 28.0961600502179, 27.8488132532748, 27.5267810095406, 197.58327729615, 27.8948577830831, 28.4060097275103, 28.2791457433051, 27.9381746827337, 28.1762105570337, 28.1789698728924, 27.7741825633234, 
26.2015307486406, 27.0328907925532, 27.633021911225, 26.6439593353099, 27.4356264392609, 26.772456326181, 27.1540392818582, 192.445019499312, 27.9726787209454, 27.0582015268079, 27.7210807101637, 26.8852012539628, 27.4581912330061, 27.5469929997068, 26.8955866389126, 193.828632733189, 27.2906621212971, 28.4952262267935, 27.4942809868647, 27.1591418108404, 27.7061675668031, 27.881842109961, 26.9562730241637, 195.995663187902, 27.893272499618, 28.476995032719, 27.4338050308944, 27.8577891644203, 28.0385371726446, 27.8642424023815, 27.6824589017512, 197.889045223984, 28.2308174465536, 28.2156748605895, 28.3224190005023, 27.8951814201922, 28.1553434165077, 28.4007989326677, 27.5468364624302, 
26.1686732078333, 27.0838530964565, 27.6224371061582, 26.4857558975335, 27.4442634886098, 26.8754052105613, 27.1391058672933, 192.390830883723, 27.8803363153398, 27.0733626305174, 27.8365267026442, 26.7744347647643, 27.5410509563459, 27.5593550029882, 26.798814318287, 193.817909876941, 27.3230376572074, 28.459821254975, 27.6051551585265, 27.1120901490478, 27.6567483030871, 27.9185402963742, 26.913829197595, 195.969516353766, 27.9292761669912, 28.5154101292246, 27.3656722822503, 27.9072845744847, 28.0177265873167, 27.8739563611016, 27.5564139563908, 197.693257041584, 27.9077358607278, 28.4354938376013, 28.3974574865233, 27.8470634667489, 28.1404030123147, 28.3425001467195, 27.7030361491415, 
26.1779313831226, 26.9862728384207, 27.6405847612865, 26.6896464096122, 27.3014143332929, 26.921593594163, 27.1010770860143, 192.429131522715, 27.961317492923, 27.0495022901123, 27.8328791987631, 26.6491801615901, 27.5872906245333, 27.4974697999063, 27.0102013743811, 193.935081963925, 27.3904364558672, 28.5145053273278, 27.4405579023999, 27.2054791263398, 27.593212656402, 27.9389535400803, 26.9225012150021, 195.953785956453, 27.8568669139078, 28.4387114592953, 27.5392494279629, 27.833059594206, 28.1201005090618, 27.8261644517597, 27.5824826172697, 197.799234192466, 28.0992593708642, 28.3378062199617, 28.3789852502431, 27.8633825601723, 28.158787551031, 28.5057375165616, 27.4086097639115, 
26.1700047628843, 26.9961714662044, 27.6546590327161, 26.6376372097679, 27.2972991027228, 26.80981635921, 27.2570555708751, 192.329495993882, 27.7986945227116, 27.145448442688, 27.7850875907193, 26.7092028342796, 27.5569627627218, 27.5258624864369, 26.8840207356396, 193.75482564735, 27.1690793741378, 28.5962231451068, 27.5605508531071, 27.1205852963675, 27.5583837693625, 27.914535371351, 27.0545263882956, 195.97967654795, 27.8698238350786, 28.4115363047906, 27.5192390440108, 27.8254417781145, 28.0814143576238, 27.8802568431284, 27.5625015959532, 197.652436121977, 28.0387039316229, 28.2788890040528, 28.3712652494848, 27.8372002727929, 28.1014783236328, 28.4587108274559, 27.552776789919, 
26.1662839409434, 26.9779799572412, 27.7266412453393, 26.4875096670912, 27.4497045353636, 26.8606039076131, 27.1737236254243, 192.510930373743, 27.9345057447719, 27.0895065781456, 27.8203227540906, 26.8393627384836, 27.4862273279269, 27.4753118046323, 26.8950068234699, 193.830325287462, 27.3597674946896, 28.4782254382533, 27.4529981566181, 27.1698128728526, 27.6915583737059, 27.8588449876124, 26.9260001284084, 195.759901635072, 27.7634052012408, 28.459651203848, 27.4194064961829, 27.892039404751, 28.0081781853303, 27.9375085858011, 27.5280475059943, 197.667777681192, 27.9283111019104, 28.410134730151, 28.3763033971868, 27.7899209248082, 28.1509446981797, 28.4972581814602, 27.4968373891359, 
26.1458710472597, 27.0652001604886, 27.6013298259671, 26.6093966297409, 27.4108079126666, 26.756618651442, 27.1914707505459, 192.498597520977, 28.0163860692288, 27.1686903131474, 27.7551650657104, 26.673516792045, 27.5948271950086, 27.5882185768461, 26.826947284317, 193.725232656368, 27.2210154896351, 28.4712232216478, 27.5236835348585, 27.1702123627624, 27.6240480545255, 27.8655235843108, 27.0261192669692, 195.971841152435, 27.826979093347, 28.4738607236948, 27.480589721585, 27.8635884422144, 28.0221590742617, 27.9330518914507, 27.5644620197543, 197.71438749577, 28.0770525386998, 28.254840846551, 28.3909630959073, 27.7565801942964, 28.2074994487171, 28.413883285103, 27.6525519633204, 
26.2172431724901, 27.0662533972991, 27.5990298089374, 26.6029347717894, 27.3255228346455, 26.9492052901597, 27.1413017511411, 192.451251508192, 27.9161587883874, 27.1195396802554, 27.7402343339255, 26.7718094376356, 27.4904724029195, 27.6719945923269, 26.8235212336345, 193.861689872121, 27.3307197013419, 28.4794275762963, 27.5099166319914, 27.1886886262482, 27.6421958260276, 27.898850489153, 26.9362733229537, 196.003344352491, 27.9073190324727, 28.5045330580839, 27.4070636149864, 27.8647148002818, 28.0684796424944, 27.9214188619415, 27.5367853766018, 197.824603899822, 28.1678362541094, 28.2101446223311, 28.4097511288683, 27.8226614852333, 28.1661833716696, 28.4240550539097, 27.6894052163705, 
26.1777134547711, 26.9691197600871, 27.653381934103, 26.5929489276411, 27.357303538852, 26.8245230088549, 27.226219065389, 192.473513509767, 27.9686277618991, 27.0930376424647, 27.7689874632869, 26.7190708894903, 27.5829775006357, 27.534227075974, 26.9242494062783, 193.921467640359, 27.2812040035813, 28.6631157429962, 27.426456067446, 27.1480020702429, 27.6730490897379, 27.9416436774483, 26.8831800752012, 195.79846189776, 27.7973531323138, 28.3700270362825, 27.4868311191242, 27.863460135077, 28.1090818737829, 27.7727223093715, 27.5930939298928, 197.694636829859, 28.1458610964659, 28.2615201725614, 28.3247737730061, 27.9196634435835, 28.1348608672269, 28.4163426183253, 27.5089178298523, 
26.2002043658808, 26.9202949241144, 27.6531844777878, 26.6200755685259, 27.3668696989886, 26.8947551601156, 27.1397041751839, 192.393767292827, 27.8432443603709, 27.1764014615739, 27.7739603587172, 26.6956263868023, 27.5476103616698, 27.4896438749704, 27.0547738177366, 193.940726821608, 27.3392928999081, 28.4128080182007, 27.60673180205, 27.1757788471164, 27.6735160696369, 27.7782729950929, 27.0732036212367, 196.011315279232, 27.8756818266269, 28.5421491299934, 27.4116894109461, 27.8947099061958, 28.0673306712515, 27.8625236157484, 27.4887603280561, 197.640779357846, 27.9308790768665, 28.3507702583292, 28.3553926342789, 27.8611586606033, 28.1229703031073, 28.451254208593, 27.583643478188, 
26.2152886893996, 26.9685641473205, 27.637518466359, 26.6037075919259, 27.4057405754697, 26.8954966587205, 27.1690750071027, 192.402167831161, 27.83881422219, 27.1071633301431, 27.7343809308612, 26.8275933783762, 27.4612259859362, 27.4975119304126, 27.0543823878431, 193.962451057209, 27.3448496720416, 28.5667388902984, 27.4802038430515, 27.1582747213802, 27.6482396271861, 27.8574324992104, 27.0042747499127, 195.967308108489, 27.8822543633009, 28.4169647789446, 27.5483269176865, 27.7562391480496, 28.0719669116377, 27.8885847585879, 27.5879673224761, 197.680791998967, 28.0479302525958, 28.3319920755916, 28.3041370447875, 27.8756008738489, 28.1334584844503, 28.3749788604713, 27.5290383145498, 
26.2423826476099, 26.9992695073613, 27.5277978960274, 26.6873113074819, 27.3592127469019, 26.8862459737914, 27.1540162817418, 192.454716791602, 28.0081335116964, 27.0946463927367, 27.7498493109955, 26.6954514157607, 27.5295087808543, 27.5173392310597, 27.0320963092752, 193.89136752082, 27.3527394321419, 28.4485404318651, 27.5093959476083, 27.1045103460699, 27.7212697351403, 27.8266946406371, 27.1132393050526, 196.083697407429, 27.9088453101262, 28.3409879568083, 27.5540195832881, 27.7923854726308, 28.1475548361057, 27.8278356728826, 27.6116818532172, 197.751807720477, 28.0469831534138, 28.342361388572, 28.3546364851239, 27.8635345610265, 28.1089136159618, 28.4410081267481, 27.541062413723, 
26.2036677199198, 26.9750652009053, 27.5848747606051, 26.649571514285, 27.3953584312785, 26.8120629779617, 27.2031525275287, 192.379508391546, 27.9080117715664, 27.0413757286059, 27.832726828341, 26.6885941156703, 27.5547076896433, 27.705798108197, 26.8740652859927, 193.886012860922, 27.2120092031768, 28.5963790758529, 27.4772104801812, 27.1928779899127, 27.551806998308, 28.0732448952524, 26.9307759810003, 196.05634879971, 27.8937868795473, 28.4407360486126, 27.4310016348659, 27.8687467658116, 28.0502578447952, 27.8905422716659, 27.6429783186011, 197.680409185251, 27.9670617879796, 28.3461850189493, 28.3260050563884, 27.8209100536678, 28.2114772890947, 28.3725527663852, 27.5861517862257, 
26.0845306928448, 27.0613022458449, 27.7130896727553, 26.5423361436805, 27.3578175581207, 26.8510448242697, 27.0966664367274, 192.355634153346, 27.996639963776, 26.9782084581303, 27.8089755791792, 26.8201186865805, 27.481652252562, 27.4935383928313, 27.0048228554255, 193.924372764325, 27.3315188779031, 28.5069566364929, 27.4759193376592, 27.1935706864082, 27.5938122129792, 27.9735568554462, 26.902747269852, 195.996272793754, 27.9149800187719, 28.4749041383859, 27.4500540806697, 27.9070711505388, 27.9809703961424, 27.8987219441255, 27.5822474197518, 197.670221152069, 28.076086788655, 28.1158516340497, 28.5057624329394, 27.8688324347796, 28.1303835064034, 28.4102549546163, 27.5390141161365, 
26.1681603217245, 27.037679861024, 27.6052106650886, 26.6549675231805, 27.3529952241919, 26.838463263339, 27.1760663691143, 192.414275617857, 27.9076351781616, 27.1974981275712, 27.7023512610082, 26.7411088460656, 27.5496868530212, 27.4877745774165, 26.9463259026308, 193.776296564564, 27.2537410680335, 28.4943888598759, 27.5380007325095, 27.1151515447903, 27.6823934991557, 27.9013163270028, 26.9333017796942, 195.859215704471, 27.8122659837735, 28.444926863014, 27.4646932631805, 27.8648155963964, 28.0414897578273, 27.8670084488181, 27.5807263989752, 197.652143403182, 27.8964665841223, 28.3794313316985, 28.3272426917151, 27.950794535447, 28.0942427435726, 28.4595398354578, 27.4710008439724, 
26.1388316526785, 27.0422167961736, 27.5202090642876, 26.6731929509366, 27.3733563320021, 26.8957108180781, 27.076843997062, 192.347907682369, 27.8914473954692, 27.120654034572, 27.7991668361707, 26.7122881105258, 27.5583244461812, 27.4435008455206, 27.0280221064934, 193.877135522028, 27.3620411945339, 28.4601041886332, 27.5329250080713, 27.1363351130827, 27.6097766751068, 27.9179620161213, 27.0332342153102, 196.0035420628, 27.8768138710051, 28.4360254454842, 27.4537390265473, 27.8623842118081, 27.9849822503799, 27.9834761768181, 27.4865539008934, 197.676894246283, 28.1356129791961, 28.1997620341268, 28.4253901414071, 27.7741383942374, 28.2356504621873, 28.2611940615682, 27.6895953691076, 
26.2138995140624, 27.0373174742988, 27.6295635315659, 26.5958676904244, 27.37117129474, 26.9230830177803, 27.0742788802153, 192.332572981109, 27.8873021334848, 27.090173289333, 27.778628593474, 26.7879124571883, 27.487020845853, 27.5443491045822, 27.044304075051, 193.919860005112, 27.2710280597297, 28.4637481906096, 27.5490334677358, 27.1532373210148, 27.6020440423667, 27.9491624037534, 27.0237667017251, 196.01969141841, 27.8211345641339, 28.4230114844044, 27.5134560145052, 27.8656189725017, 28.0280265585411, 27.7167994453079, 27.6796469766988, 197.60357405153, 27.9963065911691, 28.3019925028598, 28.3670730815703, 27.8654637676427, 28.1174650083048, 28.4367209124289, 27.5499217427957, 
26.1909542225428, 27.0602444306374, 27.5930703682771, 26.6661201361114, 27.3361325733162, 26.8109314227936, 27.2281515543088, 192.39901146437, 27.8360814651808, 27.1059688382135, 27.8832888242593, 26.6881876428479, 27.5937799308782, 27.4468456797852, 27.0233822660174, 193.923788708772, 27.3710826187389, 28.4118887038354, 27.5649680073046, 27.1567665449086, 27.5947133865998, 27.9306128279626, 26.844026566535, 195.803332468402, 27.9202525352241, 28.2728450461895, 27.5701673200258, 27.8804000471137, 28.0044995423724, 27.8427818879043, 27.687616085508, 197.755162917107, 28.0652292948699, 28.2277982550473, 28.4805218262231, 27.7979143353733, 28.1557255544905, 28.4234314290251, 27.6039931441539, 
26.1624969884134, 27.0023018700311, 27.5685185527929, 26.6205248904252, 27.3670461573749, 26.9644033208497, 27.0479697275797, 192.367579950246, 27.905950158781, 27.1049686360985, 27.7734680715463, 26.7247238383039, 27.5470260599384, 27.4540000694545, 27.0136558671209, 193.851114209848, 27.2211979674858, 28.5578943315534, 27.5749505048024, 27.117592215699, 27.6215681743009, 27.9391917124312, 26.9862564447708, 196.030490952434, 27.904827764225, 28.3991856395667, 27.5217077276781, 27.8498642475387, 28.1561113145223, 27.7381410705088, 27.5736626002653, 197.673883995666, 28.0961381005115, 28.2386719391926, 28.3443254945214, 27.8628282902753, 28.1613711955976, 28.4938838439528, 27.5160464772925, 
26.2114969645053, 26.959964244029, 27.6299856322857, 26.6008398021984, 27.4034723401728, 26.863469383197, 27.1658083838049, 192.441019177573, 27.9035583820432, 27.1191879188566, 27.8393199709684, 26.6144300727603, 27.6039484794237, 27.5468292520163, 26.9298691588901, 193.875085925891, 27.2822753705988, 28.5861036538928, 27.4826617535619, 27.1489435828899, 27.5807281656419, 28.0046440081423, 26.8423959538717, 195.841053117806, 27.8523345076207, 28.4943243568691, 27.430086622286, 27.8402896871768, 28.1035842294409, 27.7906348456489, 27.5684008879168, 197.735010354973, 28.1912006340258, 28.0975543597851, 28.4858658185563, 27.7912222766433, 28.2019999613962, 28.4040469830198, 27.5842745624829, 
26.1219013656611, 27.0922940267013, 27.4854808176309, 26.6484207398056, 27.3566401428044, 26.9424890334455, 27.0409991249615, 192.337642189971, 28.0342028854284, 26.9701399423624, 27.864416765491, 26.6841902946171, 27.5745832877286, 27.4979691632908, 26.9485138622536, 193.878728890678, 27.3395872886752, 28.5369635164125, 27.4733815621747, 27.1705720931894, 27.5398013139685, 28.0369594876285, 26.856857696323, 195.930505578138, 27.844343989532, 28.571376679635, 27.3623501214043, 27.8529733124168, 28.1173784648422, 27.7260747262507, 27.622454952703, 197.622276426919, 28.0698583013437, 28.2693847963849, 28.3275166622375, 27.9406756882294, 28.0866924865929, 28.3586578742705, 27.5871789101349, 
26.1757240134187, 26.9730221796031, 27.7133646928264, 26.5081870110274, 27.2758703762159, 27.0098630448279, 27.0390907570387, 192.463083558197, 28.1178172284133, 26.9858757516523, 27.8498770434919, 26.6964143067653, 27.5927615907816, 27.4119912947985, 27.0612289463424, 193.899670904044, 27.2812802365081, 28.5688056373722, 27.5708675818199, 27.0795569077804, 27.5811392687619, 27.9335256957669, 26.9988172573454, 195.82176637225, 27.6934356539698, 28.4996259645972, 27.4403398777602, 27.8974013520759, 27.9606272684768, 27.9694110934842, 27.4469546282454, 197.569788250939, 27.9856951696514, 28.2287089184484, 28.4323824350459, 27.9269191524051, 28.0747718889569, 28.451096874823, 27.525002636795, 
26.1517230197829, 27.0752353381011, 27.5793929819625, 26.6067322809177, 27.3638325395824, 26.8752065945644, 27.0612471160854, 192.177903490234, 27.7797206751262, 27.0832783803396, 27.8018903311601, 26.5876417466758, 27.6527284193009, 27.5632573939117, 26.9369868310361, 193.822770241943, 27.332424019383, 28.4863622787884, 27.5227490162243, 27.1495980791433, 27.5780147876731, 27.9593716528622, 26.9368463004093, 195.974046234603, 27.8614579152002, 28.5265019406723, 27.4115206255867, 27.9096870046822, 28.0198799717884, 27.8207050196239, 27.6163869510464, 197.767833207578, 28.0721146917879, 28.2300749895395, 28.4470272747054, 27.8857762508229, 28.0581039145544, 28.5652334482437, 27.5220298993556, 
26.2708245227979, 26.9822011342384, 27.5128382571311, 26.7258334610381, 27.3063220026446, 26.8838470080603, 27.099812123103, 192.399670469106, 27.951659623088, 27.1019347887375, 27.7632470798009, 26.6119143592981, 27.6603777250964, 27.5093677978684, 26.9250251897994, 193.856219262961, 27.3651670497086, 28.4773223448907, 27.5463148682233, 27.1137241800399, 27.6299783005191, 27.9567334712124, 27.0203065565048, 196.014788266287, 27.8601511703828, 28.4255708370439, 27.4552464977404, 27.9175462484189, 28.0017573212915, 27.8785805280817, 27.5989223937822, 197.698246998755, 28.0757726576165, 28.3509015537014, 28.2787947581382, 27.8585728463962, 28.0805393959397, 28.4033987560799, 27.6407787723663, 
26.183162142312, 27.0016573126047, 27.6185332610634, 26.602429691577, 27.385339208123, 26.8028691877892, 27.2255417556172, 192.416002973716, 27.9418389143714, 27.0309340962328, 27.8071379900135, 26.672001275132, 27.569742337338, 27.5881319981888, 26.9345549303404, 193.872802095036, 27.3698256904706, 28.4471686172521, 27.5445224845066, 27.1651024676913, 27.653460346289, 27.8083381820639, 27.0002221309301, 195.991612010751, 27.8394694668119, 28.5156981122393, 27.4713235916764, 27.887091688564, 28.006758483519, 27.9666233956657, 27.5978055713852, 197.836659357, 28.0106721018491, 28.355765108962, 28.3974614947857, 27.8691678158203, 28.1340391287417, 28.3773669818876, 27.633843481742, 
26.1743722596412, 26.9772248861318, 27.5543071188042, 26.7155537833706, 27.3783545498575, 26.8121947471211, 27.1790009163053, 192.399363644051, 27.9581563020133, 27.0426549227214, 27.8160337046407, 26.6032822247166, 27.6275641787946, 27.4976721860078, 26.9330344614623, 193.850681443779, 27.3800572933893, 28.5174243967618, 27.5440583279969, 27.1135726480253, 27.6332991970248, 27.9611375731338, 26.9164726981071, 195.948551149415, 27.8302021405713, 28.4611465990176, 27.5232936663846, 27.8126298617512, 27.9729221301296, 28.0581176308426, 27.5780833013536, 197.799998356475, 28.0156743506743, 28.2639084392856, 28.4190872340021, 27.8067355793199, 28.2051294555109, 28.4948355707671, 27.5702370034147, 
26.1887910223203, 26.9767066105618, 27.5718632330997, 26.6423779395043, 27.3635412251497, 26.936639559886, 27.058309230168, 192.366358747125, 27.9772240125571, 27.126471542057, 27.6529767884429, 26.7292476390484, 27.5954827230569, 27.5919327822381, 26.8617789898706, 193.910320421047, 27.3943257842943, 28.5239470577412, 27.4830004021088, 27.2210737019518, 27.5998388278406, 27.8538929176403, 26.9441090679724, 195.828654079018, 27.8746556529373, 28.3769956910381, 27.4761129317398, 27.807811683631, 28.0650972098929, 27.9300921659033, 27.588638801921, 197.805844669386, 28.0488468096076, 28.3966967980271, 28.2852655364814, 27.9365456988081, 28.0188194030685, 28.4215042708801, 27.614211396646, 
26.2217326777229, 27.0361408755432, 27.517865956975, 26.7045543814316, 27.3405166337284, 26.8705911522978, 27.1913877764737, 192.489025452257, 27.9418287563117, 27.1281855454783, 27.7529801429233, 26.7256927662697, 27.5058940244833, 27.6428542911071, 26.8901975732809, 193.816772132941, 27.2714383507553, 28.4960804811461, 27.4687877369402, 27.1876125118251, 27.5965517180548, 27.8772880042509, 27.004741604286, 195.90813011408, 27.9049734685387, 28.4170288868349, 27.4643538321968, 27.8464806481664, 28.0270986745137, 27.8619516423635, 27.6151543101681, 197.747685369932, 28.0082945996862, 28.247391198685, 28.4311526482202, 27.80576944492, 28.235075486821, 28.3771430655903, 27.6054613385616, 
26.2113661441119, 26.9860312502158, 27.6206995637798, 26.6521735070988, 27.3599666072294, 26.9273037376821, 27.0205500265158, 192.362346788451, 27.8999960609463, 27.0977588796147, 27.8074500070109, 26.7133726001696, 27.604301103752, 27.5247424364973, 26.8346080440354, 193.767748844646, 27.3599522781638, 28.3951653544246, 27.591069176858, 27.0921757408692, 27.6374002072362, 27.9343627359539, 27.0163745330677, 196.055490620418, 27.9337348903762, 28.4992325856771, 27.407366679064, 27.8205394285403, 28.1079112056324, 27.7909585771522, 27.6684028021305, 197.693274963489, 28.1027074548584, 28.2260430831603, 28.3204361062477, 27.8679753409901, 28.0949708611881, 28.4809395947979, 27.5834264734154, 
